{"cameraMode":{"drawMode":0,"name":"Shaded","section":"Shading Mode"},"sceneLighting":true,"audioPlay":false,"sceneViewState":{"showFog":true,"showMaterialUpdate":false,"showSkybox":true,"showFlares":true,"showImageEffects":true,"showParticleSystems":true},"in2DMode":false,"pivot":{"x":309.0790710449219,"y":479.11285400390627,"z":-87.26558685302735},"rotation":{"x":-0.21586808562278748,"y":-0.28481191396713259,"z":-0.06599384546279907,"w":0.9316369295120239},"size":1179.1602783203125,"orthographic":false}