{"cameraMode":{"drawMode":0,"name":"Shaded","section":"Shading Mode"},"sceneLighting":true,"audioPlay":false,"sceneViewState":{"showFog":true,"showMaterialUpdate":true,"showSkybox":true,"showFlares":true,"showImageEffects":true,"showParticleSystems":true},"in2DMode":false,"pivot":{"x":-1.0538619756698609,"y":1.8942463397979737,"z":0.7320507168769836},"rotation":{"x":0.37575674057006838,"y":-0.023821858689188958,"z":0.0096490029245615,"w":0.9264573454856873},"size":8.5177001953125,"orthographic":false}