{"cameraMode":{"drawMode":0,"name":"Shaded","section":"Shading Mode"},"sceneLighting":true,"audioPlay":false,"sceneViewState":{"showFog":true,"showMaterialUpdate":true,"showSkybox":true,"showFlares":true,"showImageEffects":true,"showParticleSystems":true},"in2DMode":false,"pivot":{"x":11.629481315612793,"y":-0.7116117477416992,"z":7.377959251403809},"rotation":{"x":-0.07156793773174286,"y":0.8281474113464356,"z":-0.10868781805038452,"w":-0.5452583432197571},"size":1.485788345336914,"orthographic":false}