{"cameraMode":{"drawMode":0,"name":"Shaded","section":"Shading Mode"},"sceneLighting":false,"audioPlay":false,"sceneViewState":{"showFog":true,"showMaterialUpdate":true,"showSkybox":false,"showFlares":true,"showImageEffects":true,"showParticleSystems":true},"in2DMode":false,"pivot":{"x":-1.7841579914093018,"y":2.1031241416931154,"z":4.152461528778076},"rotation":{"x":0.12620426714420319,"y":0.19219644367694856,"z":0.024936458095908166,"w":-0.9729040861129761},"size":5.14523458480835,"orthographic":false}