{"cameraMode":{"drawMode":0,"name":"Shaded","section":"Shading Mode"},"sceneLighting":true,"audioPlay":false,"sceneViewState":{"showFog":true,"showMaterialUpdate":true,"showSkybox":true,"showFlares":true,"showImageEffects":true,"showParticleSystems":true},"in2DMode":false,"pivot":{"x":-0.6286993026733398,"y":-1.596429467201233,"z":3.5789296627044679},"rotation":{"x":-0.11783561110496521,"y":0.08035413920879364,"z":-0.009579051285982132,"w":-0.989742636680603},"size":3.714489221572876,"orthographic":false}