{"cameraMode":{"drawMode":0,"name":"Shaded","section":"Shading Mode"},"sceneLighting":true,"audioPlay":false,"sceneViewState":{"showFog":true,"showMaterialUpdate":false,"showSkybox":true,"showFlares":true,"showImageEffects":true,"showParticleSystems":true},"in2DMode":false,"pivot":{"x":396.83599853515627,"y":112.23848724365235,"z":-231.1726531982422},"rotation":{"x":0.20693732798099519,"y":-0.04881029203534126,"z":-0.010307294316589833,"w":-0.9771575331687927},"size":9.339327812194825,"orthographic":false}