{"cameraMode":{"drawMode":0,"name":"Shaded","section":"Shading Mode"},"sceneLighting":true,"audioPlay":false,"sceneViewState":{"showFog":true,"showMaterialUpdate":false,"showSkybox":true,"showFlares":true,"showImageEffects":true,"showParticleSystems":true},"in2DMode":false,"pivot":{"x":0.0055165765807032589,"y":1.4813742637634278,"z":-0.4798687696456909},"rotation":{"x":-0.33425888419151308,"y":-0.005086153279989958,"z":0.0018107506912201644,"w":-0.942507803440094},"size":1.38077974319458,"orthographic":false}