{"cameraMode":{"drawMode":0,"name":"Shaded","section":"Shading Mode"},"sceneLighting":true,"audioPlay":false,"sceneViewState":{"showFog":true,"showMaterialUpdate":true,"showSkybox":true,"showFlares":true,"showImageEffects":true,"showParticleSystems":true},"in2DMode":false,"pivot":{"x":-1.3612333536148072,"y":-1.375975251197815,"z":2.5750343799591066},"rotation":{"x":-0.2040203958749771,"y":0.3931698799133301,"z":-0.08987467736005783,"w":-0.8921182751655579},"size":9.339327812194825,"orthographic":false}