{"cameraMode":{"drawMode":0,"name":"Shaded","section":"Shading Mode"},"sceneLighting":true,"audioPlay":false,"sceneViewState":{"showFog":true,"showMaterialUpdate":true,"showSkybox":true,"showFlares":true,"showImageEffects":true,"showParticleSystems":true},"in2DMode":false,"pivot":{"x":0.000999998301267624,"y":0.15000000596046449,"z":0.0},"rotation":{"x":0.24645988643169404,"y":0.6107708215713501,"z":-0.20820403099060059,"w":0.7231314778327942},"size":0.2857883870601654,"orthographic":false}