{"cameraMode":{"drawMode":0,"name":"Shaded","section":"Shading Mode"},"sceneLighting":true,"audioPlay":false,"sceneViewState":{"showFog":true,"showMaterialUpdate":true,"showSkybox":true,"showFlares":true,"showImageEffects":true,"showParticleSystems":true},"in2DMode":false,"pivot":{"x":-0.42447561025619509,"y":-1.1005042791366578,"z":4.199170112609863},"rotation":{"x":-0.17424683272838593,"y":0.13504263758659364,"z":-0.024089958518743516,"w":-0.975181519985199},"size":9.339327812194825,"orthographic":false}