{"cameraMode":{"drawMode":0,"name":"Shaded","section":"Shading Mode"},"sceneLighting":false,"audioPlay":false,"sceneViewState":{"showFog":true,"showMaterialUpdate":true,"showSkybox":false,"showFlares":true,"showImageEffects":true,"showParticleSystems":true},"in2DMode":false,"pivot":{"x":-0.7077344059944153,"y":-0.1978912204504013,"z":0.7737224698066711},"rotation":{"x":-0.14211873710155488,"y":0.19608405232429505,"z":-0.028711432591080667,"w":-0.9698308110237122},"size":2.975154399871826,"orthographic":false}