{"cameraMode":{"drawMode":0,"name":"Shaded","section":"Shading Mode"},"sceneLighting":true,"audioPlay":false,"sceneViewState":{"showFog":true,"showMaterialUpdate":false,"showSkybox":true,"showFlares":true,"showImageEffects":true,"showParticleSystems":true},"in2DMode":false,"pivot":{"x":1.804131269454956,"y":1.128763198852539,"z":-2.3901283740997316},"rotation":{"x":0.13814999163150788,"y":-0.26540660858154299,"z":0.03845783695578575,"w":0.9534181356430054},"size":0.2857883870601654,"orthographic":false}