{"cameraMode":{"drawMode":0,"name":"Shaded","section":"Shading Mode"},"sceneLighting":true,"audioPlay":false,"sceneViewState":{"showFog":true,"showMaterialUpdate":true,"showSkybox":true,"showFlares":true,"showImageEffects":true,"showParticleSystems":true},"in2DMode":false,"pivot":{"x":-5.224695205688477,"y":-2.3069159984588625,"z":12.717117309570313},"rotation":{"x":0.13571707904338838,"y":-0.32153257727622988,"z":0.04662613570690155,"w":0.9359689354896545},"size":19.33756446838379,"orthographic":false}