{"cameraMode":{"drawMode":0,"name":"Shaded","section":"Shading Mode"},"sceneLighting":true,"audioPlay":false,"sceneViewState":{"showFog":true,"showMaterialUpdate":true,"showSkybox":true,"showFlares":true,"showImageEffects":true,"showParticleSystems":true},"in2DMode":false,"pivot":{"x":-2.232419013977051,"y":-0.1756725311279297,"z":0.4736793041229248},"rotation":{"x":-0.33381760120391848,"y":-0.02741793356835842,"z":0.009714560583233834,"w":-0.9421901702880859},"size":16.701309204101564,"orthographic":false}