{"cameraMode":{"drawMode":0,"name":"Shaded","section":"Shading Mode"},"sceneLighting":true,"audioPlay":false,"sceneViewState":{"showFog":true,"showMaterialUpdate":true,"showSkybox":true,"showFlares":true,"showImageEffects":true,"showParticleSystems":true},"in2DMode":false,"pivot":{"x":-1.3929924964904786,"y":-9.748100280761719,"z":42.10786437988281},"rotation":{"x":-0.1331029087305069,"y":0.007444781716912985,"z":-0.0010096699697896839,"w":-0.991089940071106},"size":46.669342041015628,"orthographic":false}