{"cameraMode":{"drawMode":0,"name":"Shaded","section":"Shading Mode"},"sceneLighting":true,"audioPlay":false,"sceneViewState":{"showFog":true,"showMaterialUpdate":true,"showSkybox":true,"showFlares":true,"showImageEffects":true,"showParticleSystems":true},"in2DMode":false,"pivot":{"x":396.60693359375,"y":109.1275634765625,"z":-230.37351989746095},"rotation":{"x":0.036165595054626468,"y":-0.03337922692298889,"z":-0.0011779298074543477,"w":-0.9988618493080139},"size":9.339327812194825,"orthographic":false}