{"cameraMode":{"drawMode":0,"name":"Shaded","section":"Shading Mode"},"sceneLighting":true,"audioPlay":false,"sceneViewState":{"showFog":true,"showMaterialUpdate":true,"showSkybox":true,"showFlares":true,"showImageEffects":true,"showParticleSystems":true},"in2DMode":false,"pivot":{"x":-0.6415719985961914,"y":-2.167553424835205,"z":7.169346332550049},"rotation":{"x":-0.15812303125858308,"y":0.0203442070633173,"z":-0.003221434075385332,"w":-0.9872846603393555},"size":9.339327812194825,"orthographic":false}