{"cameraMode":{"drawMode":0,"name":"Shaded","section":"Shading Mode"},"sceneLighting":true,"audioPlay":false,"sceneViewState":{"showFog":true,"showMaterialUpdate":false,"showSkybox":true,"showFlares":true,"showImageEffects":true,"showParticleSystems":true},"in2DMode":false,"pivot":{"x":534.7857055664063,"y":430.5091857910156,"z":-502.0004577636719},"rotation":{"x":-0.02259885147213936,"y":-0.008997746743261814,"z":-0.00020362064242362976,"w":0.9997079372406006},"size":268.6005554199219,"orthographic":false}