{"cameraMode":{"drawMode":0,"name":"Shaded","section":"Shading Mode"},"sceneLighting":false,"audioPlay":false,"sceneViewState":{"showFog":true,"showMaterialUpdate":true,"showSkybox":false,"showFlares":true,"showImageEffects":true,"showParticleSystems":true},"in2DMode":false,"pivot":{"x":-7.6275410652160648,"y":-1.1737022399902344,"z":0.5126169323921204},"rotation":{"x":-0.045656610280275348,"y":-0.5672435760498047,"z":0.03150757774710655,"w":-0.8217193484306336},"size":2.8578836917877199,"orthographic":false}