{"cameraMode":{"drawMode":0,"name":"Shaded","section":"Shading Mode"},"sceneLighting":true,"audioPlay":false,"sceneViewState":{"showFog":true,"showMaterialUpdate":true,"showSkybox":true,"showFlares":true,"showImageEffects":true,"showParticleSystems":true},"in2DMode":false,"pivot":{"x":0.46239396929740908,"y":-1.4961262941360474,"z":2.1004714965820314},"rotation":{"x":-0.21286241710186006,"y":-0.0014544702135026456,"z":0.00031028554076328874,"w":-0.9770953059196472},"size":3.714489221572876,"orthographic":false}