{"cameraMode":{"drawMode":0,"name":"Shaded","section":"Shading Mode"},"sceneLighting":false,"audioPlay":false,"sceneViewState":{"showFog":true,"showMaterialUpdate":true,"showSkybox":false,"showFlares":true,"showImageEffects":true,"showParticleSystems":true},"in2DMode":false,"pivot":{"x":-6.1235809326171879,"y":-0.7481607794761658,"z":0.10227515548467636},"rotation":{"x":-0.12036954611539841,"y":0.7502064108848572,"z":-0.14233766496181489,"w":-0.6344473958015442},"size":2.8733599185943605,"orthographic":false}