{"cameraMode":{"drawMode":0,"name":"Shaded","section":"Shading Mode"},"sceneLighting":true,"audioPlay":false,"sceneViewState":{"showFog":true,"showMaterialUpdate":false,"showSkybox":true,"showFlares":true,"showImageEffects":true,"showParticleSystems":true},"in2DMode":false,"pivot":{"x":-2.8493428230285646,"y":0.6773881316184998,"z":8.141683578491211},"rotation":{"x":-0.10689894109964371,"y":0.14767535030841828,"z":-0.016057314351201059,"w":-0.9831119179725647},"size":13.608617782592774,"orthographic":false}